<Ui xmlns="http://www.blizzard.com/wow/ui/" xmlns:xsi="http://www.w3.org/2001/XMLSchema-instance" xsi:schemaLocation="http://www.blizzard.com/wow/ui/
..\FrameXML\UI.xsd">


<Script file="libs\LibStub\LibStub.lua"/>
<Script file="libs\CallbackHandler-1.0\CallbackHandler-1.0.lua"/>
<Script file="libs\LibBlueDB-1.0\LibBlueDB-1.0.lua"/>
<Script file="libs\LibSharedMedia-3.0\LibSharedMedia-3.0.lua"/>
<Script file="libs\LibDataBroker-1.1\LibDataBroker-1.1.lua"/>
<Script file="libs\LibMapButton-1.1\LibMapButton-1.1.lua"/>
<Script file="libs\LibEnhanceDDMenu-1.0\LibEnhanceDDMenu-1.0.lua"/>
<Script file="libs\LibRealDispel-1.0\LibRealDispel-1.0.lua"/>
<Script file="libs\LibAuras\LibAuras.lua"/>


<Script file="libs\LibHealComm-4.0\ChatThrottleLib.lua"/>
<Script file="libs\LibHealComm-4.0\LibHealComm-4.0.lua"/>
<Script file="libs\LibInstantHealth-1.0\LibInstantHealth-1.0.lua"/>
<Script file="libs\LibCustomGlow-1.0\LibCustomGlow-1.0.lua"/>
</Ui>